ID,County,Zip
0,York County,17070
0,York County,17302
0,York County,17309
0,York County,17311
0,York County,17312
0,York County,17313
0,York County,17314
0,York County,17315
0,York County,17317
0,York County,17318
0,York County,17319
0,York County,17321
0,York County,17322
0,York County,17323
0,York County,17327
0,York County,17329
0,York County,17331
0,York County,17332
0,York County,17333
0,York County,17334
0,York County,17335
0,York County,17339
0,York County,17342
0,York County,17345
0,York County,17347
0,York County,17349
0,York County,17352
0,York County,17354
0,York County,17355
0,York County,17356
0,York County,17358
0,York County,17360
0,York County,17361
0,York County,17362
0,York County,17363
0,York County,17364
0,York County,17365
0,York County,17366
0,York County,17368
0,York County,17370
0,York County,17371
0,York County,17401
0,York County,17402
0,York County,17403
0,York County,17404
0,York County,17405
0,York County,17406
0,York County,17407
0,York County,17408
0,York County,17415
0,Wyoming County,18419
0,Wyoming County,18446
0,Wyoming County,18615
0,Wyoming County,18625
0,Wyoming County,18629
0,Wyoming County,18636
0,Wyoming County,18657
0,Westmoreland County,15012
0,Westmoreland County,15062
0,Westmoreland County,15068
0,Westmoreland County,15069
0,Westmoreland County,15072
0,Westmoreland County,15083
0,Westmoreland County,15085
0,Westmoreland County,15087
0,Westmoreland County,15089
0,Westmoreland County,15448
0,Westmoreland County,15479
0,Westmoreland County,15601
0,Westmoreland County,15605
0,Westmoreland County,15606
0,Westmoreland County,15610
0,Westmoreland County,15611
0,Westmoreland County,15612
0,Westmoreland County,15613
0,Westmoreland County,15615
0,Westmoreland County,15616
0,Westmoreland County,15617
0,Westmoreland County,15619
0,Westmoreland County,15620
0,Westmoreland County,15621
0,Westmoreland County,15623
0,Westmoreland County,15624
0,Westmoreland County,15625
0,Westmoreland County,15626
0,Westmoreland County,15627
0,Westmoreland County,15628
0,Westmoreland County,15629
0,Westmoreland County,15632
0,Westmoreland County,15633
0,Westmoreland County,15634
0,Westmoreland County,15635
0,Westmoreland County,15636
0,Westmoreland County,15637
0,Westmoreland County,15638
0,Westmoreland County,15639
0,Westmoreland County,15640
0,Westmoreland County,15641
0,Westmoreland County,15642
0,Westmoreland County,15644
0,Westmoreland County,15646
0,Westmoreland County,15647
0,Westmoreland County,15650
0,Westmoreland County,15655
0,Westmoreland County,15656
0,Westmoreland County,15658
0,Westmoreland County,15660
0,Westmoreland County,15661
0,Westmoreland County,15662
0,Westmoreland County,15663
0,Westmoreland County,15664
0,Westmoreland County,15665
0,Westmoreland County,15666
0,Westmoreland County,15668
0,Westmoreland County,15670
0,Westmoreland County,15671
0,Westmoreland County,15672
0,Westmoreland County,15674
0,Westmoreland County,15675
0,Westmoreland County,15676
0,Westmoreland County,15677
0,Westmoreland County,15678
0,Westmoreland County,15679
0,Westmoreland County,15680
0,Westmoreland County,15683
0,Westmoreland County,15684
0,Westmoreland County,15685
0,Westmoreland County,15687
0,Westmoreland County,15688
0,Westmoreland County,15689
0,Westmoreland County,15690
0,Westmoreland County,15691
0,Westmoreland County,15692
0,Westmoreland County,15693
0,Westmoreland County,15695
0,Westmoreland County,15696
0,Westmoreland County,15697
0,Westmoreland County,15698
0,Westmoreland County,15779
0,Westmoreland County,15923
0,Westmoreland County,15944
0,Wayne County,18405
0,Wayne County,18415
0,Wayne County,18417
0,Wayne County,18427
0,Wayne County,18431
0,Wayne County,18436
0,Wayne County,18437
0,Wayne County,18438
0,Wayne County,18439
0,Wayne County,18443
0,Wayne County,18445
0,Wayne County,18449
0,Wayne County,18453
0,Wayne County,18454
0,Wayne County,18455
0,Wayne County,18456
0,Wayne County,18459
0,Wayne County,18460
0,Wayne County,18461
0,Wayne County,18462
0,Wayne County,18463
0,Wayne County,18469
0,Wayne County,18472
0,Wayne County,18473
0,Washington County,15004
0,Washington County,15019
0,Washington County,15021
0,Washington County,15022
0,Washington County,15033
0,Washington County,15038
0,Washington County,15053
0,Washington County,15054
0,Washington County,15055
0,Washington County,15057
0,Washington County,15060
0,Washington County,15063
0,Washington County,15067
0,Washington County,15078
0,Washington County,15301
0,Washington County,15311
0,Washington County,15312
0,Washington County,15313
0,Washington County,15314
0,Washington County,15317
0,Washington County,15321
0,Washington County,15322
0,Washington County,15323
0,Washington County,15324
0,Washington County,15329
0,Washington County,15330
0,Washington County,15331
0,Washington County,15332
0,Washington County,15333
0,Washington County,15336
0,Washington County,15339
0,Washington County,15340
0,Washington County,15342
0,Washington County,15345
0,Washington County,15347
0,Washington County,15348
0,Washington County,15350
0,Washington County,15358
0,Washington County,15360
0,Washington County,15361
0,Washington County,15363
0,Washington County,15365
0,Washington County,15366
0,Washington County,15367
0,Washington County,15368
0,Washington County,15376
0,Washington County,15377
0,Washington County,15378
0,Washington County,15379
0,Washington County,15412
0,Washington County,15419
0,Washington County,15423
0,Washington County,15427
0,Washington County,15429
0,Washington County,15432
0,Washington County,15434
0,Washington County,15477
0,Washington County,15483
0,Warren County,16312
0,Warren County,16313
0,Warren County,16329
0,Warren County,16340
0,Warren County,16345
0,Warren County,16347
0,Warren County,16350
0,Warren County,16351
0,Warren County,16352
0,Warren County,16365
0,Warren County,16366
0,Warren County,16367
0,Warren County,16368
0,Warren County,16369
0,Warren County,16371
0,Warren County,16402
0,Warren County,16405
0,Warren County,16416
0,Warren County,16420
0,Warren County,16436
7,Venango County,16301
7,Venango County,16317
7,Venango County,16319
7,Venango County,16323
7,Venango County,16341
7,Venango County,16342
7,Venango County,16343
7,Venango County,16344
7,Venango County,16346
7,Venango County,16362
7,Venango County,16364
7,Venango County,16372
7,Venango County,16373
7,Venango County,16374
8,Union County,17810
8,Union County,17829
8,Union County,17835
8,Union County,17837
8,Union County,17844
8,Union County,17845
8,Union County,17855
8,Union County,17856
8,Union County,17880
8,Union County,17883
8,Union County,17885
8,Union County,17886
8,Union County,17887
8,Union County,17889
9,Tioga County,16901
9,Tioga County,16911
9,Tioga County,16912
9,Tioga County,16917
9,Tioga County,16918
9,Tioga County,16920
9,Tioga County,16921
9,Tioga County,16928
9,Tioga County,16929
9,Tioga County,16930
9,Tioga County,16932
9,Tioga County,16933
9,Tioga County,16935
9,Tioga County,16936
9,Tioga County,16938
9,Tioga County,16939
9,Tioga County,16940
9,Tioga County,16942
9,Tioga County,16943
9,Tioga County,16946
9,Tioga County,16950
9,Tioga County,17765
10,Susquehanna County,18413
10,Susquehanna County,18421
10,Susquehanna County,18430
10,Susquehanna County,18441
10,Susquehanna County,18465
10,Susquehanna County,18470
10,Susquehanna County,18630
10,Susquehanna County,18801
10,Susquehanna County,18812
10,Susquehanna County,18813
10,Susquehanna County,18816
10,Susquehanna County,18818
10,Susquehanna County,18820
10,Susquehanna County,18821
10,Susquehanna County,18822
10,Susquehanna County,18823
10,Susquehanna County,18824
10,Susquehanna County,18825
10,Susquehanna County,18826
10,Susquehanna County,18827
10,Susquehanna County,18828
10,Susquehanna County,18830
10,Susquehanna County,18834
10,Susquehanna County,18842
10,Susquehanna County,18843
10,Susquehanna County,18844
10,Susquehanna County,18847
0,Sullivan County,17731
0,Sullivan County,17758
0,Sullivan County,17768
0,Sullivan County,18614
0,Sullivan County,18616
0,Sullivan County,18619
0,Sullivan County,18626
0,Sullivan County,18628
0,Sullivan County,18632
11,Somerset County,15411
11,Somerset County,15424
11,Somerset County,15485
11,Somerset County,15501
11,Somerset County,15502
11,Somerset County,15510
11,Somerset County,15520
11,Somerset County,15530
11,Somerset County,15531
11,Somerset County,15532
11,Somerset County,15538
11,Somerset County,15540
11,Somerset County,15541
11,Somerset County,15542
11,Somerset County,15544
11,Somerset County,15546
11,Somerset County,15547
11,Somerset County,15548
11,Somerset County,15549
11,Somerset County,15551
11,Somerset County,15552
11,Somerset County,15553
11,Somerset County,15555
11,Somerset County,15557
11,Somerset County,15558
11,Somerset County,15560
11,Somerset County,15561
11,Somerset County,15562
11,Somerset County,15563
11,Somerset County,15564
11,Somerset County,15565
11,Somerset County,15924
11,Somerset County,15926
11,Somerset County,15928
11,Somerset County,15935
11,Somerset County,15936
11,Somerset County,15937
11,Somerset County,15953
11,Somerset County,15959
11,Somerset County,15963
12,Snyder County,17812
12,Snyder County,17813
12,Snyder County,17827
12,Snyder County,17831
12,Snyder County,17833
12,Snyder County,17842
12,Snyder County,17843
12,Snyder County,17853
12,Snyder County,17861
12,Snyder County,17862
12,Snyder County,17864
12,Snyder County,17870
12,Snyder County,17876
12,Snyder County,17882
13,Schuylkill County,17901
13,Schuylkill County,17921
13,Schuylkill County,17922
13,Schuylkill County,17923
13,Schuylkill County,17925
13,Schuylkill County,17929
13,Schuylkill County,17930
13,Schuylkill County,17931
13,Schuylkill County,17932
13,Schuylkill County,17933
13,Schuylkill County,17934
13,Schuylkill County,17935
13,Schuylkill County,17936
13,Schuylkill County,17938
13,Schuylkill County,17941
13,Schuylkill County,17942
13,Schuylkill County,17943
13,Schuylkill County,17944
13,Schuylkill County,17945
13,Schuylkill County,17946
13,Schuylkill County,17948
13,Schuylkill County,17949
13,Schuylkill County,17951
13,Schuylkill County,17952
13,Schuylkill County,17953
13,Schuylkill County,17954
13,Schuylkill County,17957
13,Schuylkill County,17959
13,Schuylkill County,17960
13,Schuylkill County,17961
13,Schuylkill County,17963
13,Schuylkill County,17964
13,Schuylkill County,17965
13,Schuylkill County,17966
13,Schuylkill County,17967
13,Schuylkill County,17968
13,Schuylkill County,17970
13,Schuylkill County,17972
13,Schuylkill County,17974
13,Schuylkill County,17976
13,Schuylkill County,17978
13,Schuylkill County,17979
13,Schuylkill County,17980
13,Schuylkill County,17981
13,Schuylkill County,17982
13,Schuylkill County,17983
13,Schuylkill County,17985
13,Schuylkill County,18211
13,Schuylkill County,18214
13,Schuylkill County,18218
13,Schuylkill County,18220
13,Schuylkill County,18231
13,Schuylkill County,18237
13,Schuylkill County,18241
13,Schuylkill County,18242
13,Schuylkill County,18245
13,Schuylkill County,18248
13,Schuylkill County,18252
13,Schuylkill County,19549
14,Potter County,16720
14,Potter County,16746
14,Potter County,16748
14,Potter County,16915
14,Potter County,16922
14,Potter County,16923
14,Potter County,16927
14,Potter County,16937
14,Potter County,16941
14,Potter County,16948
14,Potter County,17729
15,Pike County,18324
15,Pike County,18325
15,Pike County,18328
15,Pike County,18336
15,Pike County,18337
15,Pike County,18340
15,Pike County,18371
15,Pike County,18373
15,Pike County,18425
15,Pike County,18426
15,Pike County,18428
15,Pike County,18435
15,Pike County,18451
15,Pike County,18457
15,Pike County,18458
15,Pike County,18464
16,Philadelphia County,19019
16,Philadelphia County,19092
16,Philadelphia County,19093
16,Philadelphia County,19099
16,Philadelphia County,19101
16,Philadelphia County,19102
16,Philadelphia County,19103
16,Philadelphia County,19104
16,Philadelphia County,19105
16,Philadelphia County,19106
16,Philadelphia County,19107
16,Philadelphia County,19108
16,Philadelphia County,19109
16,Philadelphia County,19110
16,Philadelphia County,19111
16,Philadelphia County,19112
16,Philadelphia County,19114
16,Philadelphia County,19115
16,Philadelphia County,19116
16,Philadelphia County,19118
16,Philadelphia County,19119
16,Philadelphia County,19120
16,Philadelphia County,19121
16,Philadelphia County,19122
16,Philadelphia County,19123
16,Philadelphia County,19124
16,Philadelphia County,19125
16,Philadelphia County,19126
16,Philadelphia County,19127
16,Philadelphia County,19128
16,Philadelphia County,19129
16,Philadelphia County,19130
16,Philadelphia County,19131
16,Philadelphia County,19132
16,Philadelphia County,19133
16,Philadelphia County,19134
16,Philadelphia County,19135
16,Philadelphia County,19136
16,Philadelphia County,19137
16,Philadelphia County,19138
16,Philadelphia County,19139
16,Philadelphia County,19140
16,Philadelphia County,19141
16,Philadelphia County,19142
16,Philadelphia County,19143
16,Philadelphia County,19144
16,Philadelphia County,19145
16,Philadelphia County,19146
16,Philadelphia County,19147
16,Philadelphia County,19148
16,Philadelphia County,19149
16,Philadelphia County,19150
16,Philadelphia County,19151
16,Philadelphia County,19152
16,Philadelphia County,19153
16,Philadelphia County,19154
16,Philadelphia County,19155
16,Philadelphia County,19160
16,Philadelphia County,19161
16,Philadelphia County,19162
16,Philadelphia County,19170
16,Philadelphia County,19171
16,Philadelphia County,19172
16,Philadelphia County,19173
16,Philadelphia County,19175
16,Philadelphia County,19176
16,Philadelphia County,19177
16,Philadelphia County,19178
16,Philadelphia County,19179
16,Philadelphia County,19181
16,Philadelphia County,19182
16,Philadelphia County,19183
16,Philadelphia County,19184
16,Philadelphia County,19185
16,Philadelphia County,19187
16,Philadelphia County,19188
16,Philadelphia County,19190
16,Philadelphia County,19191
16,Philadelphia County,19192
16,Philadelphia County,19193
16,Philadelphia County,19194
16,Philadelphia County,19195
16,Philadelphia County,19196
16,Philadelphia County,19197
16,Philadelphia County,19244
16,Philadelphia County,19255
17,Perry County,17006
17,Perry County,17020
17,Perry County,17024
17,Perry County,17037
17,Perry County,17040
17,Perry County,17045
17,Perry County,17047
17,Perry County,17053
17,Perry County,17062
17,Perry County,17068
17,Perry County,17069
17,Perry County,17071
17,Perry County,17074
17,Perry County,17090
18,Northumberland County,17017
18,Northumberland County,17730
18,Northumberland County,17749
18,Northumberland County,17772
18,Northumberland County,17777
18,Northumberland County,17801
18,Northumberland County,17823
18,Northumberland County,17824
18,Northumberland County,17830
18,Northumberland County,17832
18,Northumberland County,17834
18,Northumberland County,17836
18,Northumberland County,17840
18,Northumberland County,17847
18,Northumberland County,17850
18,Northumberland County,17851
18,Northumberland County,17857
18,Northumberland County,17860
18,Northumberland County,17865
18,Northumberland County,17866
18,Northumberland County,17867
18,Northumberland County,17868
18,Northumberland County,17872
18,Northumberland County,17877
18,Northumberland County,17881
19,Northampton County,18010
19,Northampton County,18013
19,Northampton County,18014
19,Northampton County,18015
19,Northampton County,18016
19,Northampton County,18017
19,Northampton County,18020
19,Northampton County,18025
19,Northampton County,18035
19,Northampton County,18038
19,Northampton County,18040
19,Northampton County,18042
19,Northampton County,18043
19,Northampton County,18044
19,Northampton County,18045
19,Northampton County,18050
19,Northampton County,18055
19,Northampton County,18063
19,Northampton County,18064
19,Northampton County,18067
19,Northampton County,18072
19,Northampton County,18083
19,Northampton County,18085
19,Northampton County,18086
19,Northampton County,18088
19,Northampton County,18091
19,Northampton County,18343
19,Northampton County,18351
20,Montour County,17821
20,Montour County,17822
20,Montour County,17884
21,Montgomery County,18041
21,Montgomery County,18054
21,Montgomery County,18070
21,Montgomery County,18073
21,Montgomery County,18074
21,Montgomery County,18076
21,Montgomery County,18084
21,Montgomery County,18915
21,Montgomery County,18918
21,Montgomery County,18924
21,Montgomery County,18936
21,Montgomery County,18957
21,Montgomery County,18958
21,Montgomery County,18964
21,Montgomery County,18969
21,Montgomery County,18971
21,Montgomery County,18979
21,Montgomery County,19001
21,Montgomery County,19002
21,Montgomery County,19004
21,Montgomery County,19006
21,Montgomery County,19009
21,Montgomery County,19012
21,Montgomery County,19025
21,Montgomery County,19027
21,Montgomery County,19031
21,Montgomery County,19034
21,Montgomery County,19035
21,Montgomery County,19038
21,Montgomery County,19040
21,Montgomery County,19044
21,Montgomery County,19046
21,Montgomery County,19048
21,Montgomery County,19049
21,Montgomery County,19066
21,Montgomery County,19072
21,Montgomery County,19075
21,Montgomery County,19090
21,Montgomery County,19095
21,Montgomery County,19096
21,Montgomery County,19401
21,Montgomery County,19403
21,Montgomery County,19404
21,Montgomery County,19405
21,Montgomery County,19406
21,Montgomery County,19407
21,Montgomery County,19408
21,Montgomery County,19409
21,Montgomery County,19415
21,Montgomery County,19420
21,Montgomery County,19422
21,Montgomery County,19423
21,Montgomery County,19424
21,Montgomery County,19426
21,Montgomery County,19428
21,Montgomery County,19429
21,Montgomery County,19430
21,Montgomery County,19435
21,Montgomery County,19436
21,Montgomery County,19437
21,Montgomery County,19438
21,Montgomery County,19440
21,Montgomery County,19441
21,Montgomery County,19443
21,Montgomery County,19444
21,Montgomery County,19446
21,Montgomery County,19450
21,Montgomery County,19451
21,Montgomery County,19453
21,Montgomery County,19454
21,Montgomery County,19455
21,Montgomery County,19456
21,Montgomery County,19462
21,Montgomery County,19464
21,Montgomery County,19468
21,Montgomery County,19472
21,Montgomery County,19473
21,Montgomery County,19474
21,Montgomery County,19477
21,Montgomery County,19478
21,Montgomery County,19481
21,Montgomery County,19482
21,Montgomery County,19483
21,Montgomery County,19484
21,Montgomery County,19485
21,Montgomery County,19486
21,Montgomery County,19487
21,Montgomery County,19488
21,Montgomery County,19489
21,Montgomery County,19490
21,Montgomery County,19492
21,Montgomery County,19493
21,Montgomery County,19494
21,Montgomery County,19495
21,Montgomery County,19496
21,Montgomery County,19525
22,Monroe County,18058
22,Monroe County,18301
22,Monroe County,18302
22,Monroe County,18320
22,Monroe County,18321
22,Monroe County,18322
22,Monroe County,18323
22,Monroe County,18326
22,Monroe County,18327
22,Monroe County,18330
22,Monroe County,18331
22,Monroe County,18332
22,Monroe County,18333
22,Monroe County,18334
22,Monroe County,18335
22,Monroe County,18341
22,Monroe County,18342
22,Monroe County,18344
22,Monroe County,18346
22,Monroe County,18347
22,Monroe County,18348
22,Monroe County,18349
22,Monroe County,18350
22,Monroe County,18352
22,Monroe County,18353
22,Monroe County,18354
22,Monroe County,18355
22,Monroe County,18356
22,Monroe County,18357
22,Monroe County,18360
22,Monroe County,18370
22,Monroe County,18372
22,Monroe County,18466
22,Monroe County,18610
0,Monongalia County,15439
23,Mifflin County,17004
23,Mifflin County,17009
23,Mifflin County,17029
23,Mifflin County,17044
23,Mifflin County,17051
23,Mifflin County,17054
23,Mifflin County,17063
23,Mifflin County,17066
23,Mifflin County,17075
23,Mifflin County,17084
23,Mifflin County,17099
23,Mifflin County,17841
4,Mercer County,16113
4,Mercer County,16114
4,Mercer County,16121
4,Mercer County,16124
4,Mercer County,16125
4,Mercer County,16127
4,Mercer County,16130
4,Mercer County,16133
4,Mercer County,16137
4,Mercer County,16142
4,Mercer County,16145
4,Mercer County,16146
4,Mercer County,16148
4,Mercer County,16150
4,Mercer County,16151
4,Mercer County,16153
4,Mercer County,16154
4,Mercer County,16159
4,Mercer County,16161
4,Mercer County,16311
25,McKean County,16333
25,McKean County,16701
25,McKean County,16724
25,Mckean County,16725
25,McKean County,16726
25,McKean County,16727
25,McKean County,16729
25,Mckean County,16730
25,McKean County,16731
25,McKean County,16732
25,McKean County,16733
25,McKean County,16735
25,McKean County,16738
25,McKean County,16740
25,McKean County,16743
25,McKean County,16744
25,McKean County,16745
25,McKean County,16749
25,McKean County,16750
0,Mahoning County,16140
0,Mahoning County,16155
26,Lycoming County,17701
26,Lycoming County,17702
26,Lycoming County,17703
26,Lycoming County,17705
26,Lycoming County,17720
26,Lycoming County,17723
26,Lycoming County,17727
26,Lycoming County,17728
26,Lycoming County,17737
26,Lycoming County,17739
26,Lycoming County,17740
26,Lycoming County,17742
26,Lycoming County,17744
26,Lycoming County,17752
26,Lycoming County,17754
26,Lycoming County,17756
26,Lycoming County,17762
26,Lycoming County,17763
26,Lycoming County,17769
26,Lycoming County,17771
26,Lycoming County,17774
26,Lycoming County,17776
27,Luzerne County,18201
27,Luzerne County,18202
27,Luzerne County,18219
27,Luzerne County,18221
27,Luzerne County,18222
27,Luzerne County,18223
27,Luzerne County,18224
27,Luzerne County,18225
27,Luzerne County,18234
27,Luzerne County,18239
27,Luzerne County,18246
27,Luzerne County,18247
27,Luzerne County,18249
27,Luzerne County,18251
27,Luzerne County,18256
27,Luzerne County,18601
27,Luzerne County,18602
27,Luzerne County,18611
27,Luzerne County,18612
27,Luzerne County,18617
27,Luzerne County,18618
27,Luzerne County,18621
27,Luzerne County,18622
27,Luzerne County,18627
27,Luzerne County,18634
27,Luzerne County,18635
27,Luzerne County,18640
27,Luzerne County,18641
27,Luzerne County,18642
27,Luzerne County,18643
27,Luzerne County,18644
27,Luzerne County,18651
27,Luzerne County,18654
27,Luzerne County,18655
27,Luzerne County,18656
27,Luzerne County,18660
27,Luzerne County,18661
27,Luzerne County,18690
27,Luzerne County,18701
27,Luzerne County,18702
27,Luzerne County,18703
27,Luzerne County,18704
27,Luzerne County,18705
27,Luzerne County,18706
27,Luzerne County,18707
27,Luzerne County,18708
27,Luzerne County,18709
27,Luzerne County,18710
27,Luzerne County,18711
27,Luzerne County,18762
27,Luzerne County,18764
27,Luzerne County,18765
27,Luzerne County,18766
27,Luzerne County,18767
27,Luzerne County,18769
27,Luzerne County,18773
28,Lehigh County,18001
28,Lehigh County,18002
28,Lehigh County,18003
28,Lehigh County,18018
28,Lehigh County,18031
28,Lehigh County,18032
28,Lehigh County,18034
28,Lehigh County,18036
28,Lehigh County,18037
28,Lehigh County,18046
28,Lehigh County,18049
28,Lehigh County,18051
28,Lehigh County,18052
28,Lehigh County,18053
28,Lehigh County,18059
28,Lehigh County,18060
28,Lehigh County,18062
28,Lehigh County,18065
28,Lehigh County,18066
28,Lehigh County,18068
28,Lehigh County,18069
28,Lehigh County,18078
28,Lehigh County,18079
28,Lehigh County,18080
28,Lehigh County,18087
28,Lehigh County,18092
28,Lehigh County,18098
28,Lehigh County,18099
28,Lehigh County,18101
28,Lehigh County,18102
28,Lehigh County,18103
28,Lehigh County,18104
28,Lehigh County,18105
28,Lehigh County,18106
28,Lehigh County,18109
28,Lehigh County,18175
28,Lehigh County,18195
29,Lebanon County,17003
29,Lebanon County,17010
29,Lebanon County,17016
29,Lebanon County,17026
29,Lebanon County,17038
29,Lebanon County,17039
29,Lebanon County,17041
29,Lebanon County,17042
29,Lebanon County,17046
29,Lebanon County,17064
29,Lebanon County,17067
29,Lebanon County,17073
29,Lebanon County,17077
29,Lebanon County,17078
29,Lebanon County,17083
29,Lebanon County,17085
29,Lebanon County,17087
29,Lebanon County,17088
29,Lebanon County,17091
30,Lawrence County,16101
30,Lawrence County,16102
30,Lawrence County,16103
30,Lawrence County,16105
30,Lawrence County,16107
30,Lawrence County,16108
30,Lawrence County,16112
30,Lawrence County,16116
30,Lawrence County,16117
30,Lawrence County,16120
30,Lawrence County,16132
30,Lawrence County,16141
30,Lawrence County,16143
30,Lawrence County,16156
30,Lawrence County,16157
30,Lawrence County,16160
30,Lawrence County,16172
5,Lancaster County,17022
5,Lancaster County,17501
5,Lancaster County,17502
5,Lancaster County,17503
5,Lancaster County,17504
5,Lancaster County,17505
5,Lancaster County,17506
5,Lancaster County,17507
5,Lancaster County,17508
5,Lancaster County,17509
5,Lancaster County,17512
5,Lancaster County,17516
5,Lancaster County,17517
5,Lancaster County,17518
5,Lancaster County,17519
5,Lancaster County,17520
5,Lancaster County,17521
5,Lancaster County,17522
5,Lancaster County,17527
5,Lancaster County,17528
5,Lancaster County,17529
5,Lancaster County,17532
5,Lancaster County,17533
5,Lancaster County,17534
5,Lancaster County,17535
5,Lancaster County,17536
5,Lancaster County,17537
5,Lancaster County,17538
5,Lancaster County,17540
5,Lancaster County,17543
5,Lancaster County,17545
5,Lancaster County,17547
5,Lancaster County,17549
5,Lancaster County,17550
5,Lancaster County,17551
5,Lancaster County,17552
5,Lancaster County,17554
5,Lancaster County,17555
5,Lancaster County,17557
5,Lancaster County,17560
5,Lancaster County,17562
5,Lancaster County,17563
5,Lancaster County,17564
5,Lancaster County,17565
5,Lancaster County,17566
5,Lancaster County,17567
5,Lancaster County,17568
5,Lancaster County,17569
5,Lancaster County,17570
5,Lancaster County,17572
5,Lancaster County,17573
5,Lancaster County,17575
5,Lancaster County,17576
5,Lancaster County,17578
5,Lancaster County,17579
5,Lancaster County,17580
5,Lancaster County,17581
5,Lancaster County,17582
5,Lancaster County,17583
5,Lancaster County,17584
5,Lancaster County,17585
5,Lancaster County,17601
5,Lancaster County,17602
5,Lancaster County,17603
5,Lancaster County,17604
5,Lancaster County,17605
5,Lancaster County,17606
5,Lancaster County,17607
5,Lancaster County,17608
5,Lancaster County,17611
5,Lancaster County,17622
5,Lancaster County,17699
5,Lancaster County,19501
31,Lackawanna County,18403
31,Lackawanna County,18407
31,Lackawanna County,18410
31,Lackawanna County,18411
31,Lackawanna County,18414
31,Lackawanna County,18416
31,Lackawanna County,18420
31,Lackawanna County,18424
31,Lackawanna County,18433
31,Lackawanna County,18434
31,Lackawanna County,18440
31,Lackawanna County,18444
31,Lackawanna County,18447
31,Lackawanna County,18448
31,Lackawanna County,18452
31,Lackawanna County,18471
31,Lackawanna County,18501
31,Lackawanna County,18502
31,Lackawanna County,18503
31,Lackawanna County,18504
31,Lackawanna County,18505
31,Lackawanna County,18507
31,Lackawanna County,18508
31,Lackawanna County,18509
31,Lackawanna County,18510
31,Lackawanna County,18512
31,Lackawanna County,18514
31,Lackawanna County,18515
31,Lackawanna County,18517
31,Lackawanna County,18518
31,Lackawanna County,18519
31,Lackawanna County,18522
31,Lackawanna County,18540
31,Lackawanna County,18577
31,Lackawanna County,18653
6,Juniata County,17014
6,Juniata County,17021
6,Juniata County,17035
6,Juniata County,17049
6,Juniata County,17056
6,Juniata County,17058
6,Juniata County,17059
6,Juniata County,17076
6,Juniata County,17082
6,Juniata County,17086
6,Juniata County,17094
32,Jefferson County,15711
32,Jefferson County,15715
32,Jefferson County,15730
32,Jefferson County,15733
32,Jefferson County,15740
32,Jefferson County,15744
32,Jefferson County,15764
32,Jefferson County,15767
32,Jefferson County,15770
32,Jefferson County,15776
32,Jefferson County,15778
32,Jefferson County,15780
32,Jefferson County,15781
32,Jefferson County,15784
32,Jefferson County,15824
32,Jefferson County,15825
32,Jefferson County,15829
32,Jefferson County,15840
32,Jefferson County,15847
32,Jefferson County,15851
32,Jefferson County,15860
32,Jefferson County,15863
32,Jefferson County,15864
32,Jefferson County,15865
33,Indiana County,15681
33,Indiana County,15701
33,Indiana County,15705
33,Indiana County,15710
33,Indiana County,15712
33,Indiana County,15713
33,Indiana County,15716
33,Indiana County,15717
33,Indiana County,15720
33,Indiana County,15723
33,Indiana County,15724
33,Indiana County,15725
33,Indiana County,15727
33,Indiana County,15728
33,Indiana County,15729
33,Indiana County,15731
33,Indiana County,15732
33,Indiana County,15734
33,Indiana County,15739
33,Indiana County,15741
33,Indiana County,15742
33,Indiana County,15745
33,Indiana County,15746
33,Indiana County,15747
33,Indiana County,15748
33,Indiana County,15750
33,Indiana County,15752
33,Indiana County,15754
33,Indiana County,15756
33,Indiana County,15758
33,Indiana County,15759
33,Indiana County,15761
33,Indiana County,15763
33,Indiana County,15765
33,Indiana County,15771
33,Indiana County,15772
33,Indiana County,15774
33,Indiana County,15777
33,Indiana County,15783
33,Indiana County,15920
33,Indiana County,15929
33,Indiana County,15949
33,Indiana County,15954
33,Indiana County,15957
33,Indiana County,15961
33,Indiana County,16211
33,Indiana County,16246
33,Indiana County,16256
34,Huntingdon County,16611
34,Huntingdon County,16621
34,Huntingdon County,16622
34,Huntingdon County,16623
34,Huntingdon County,16634
34,Huntingdon County,16638
34,Huntingdon County,16647
34,Huntingdon County,16652
34,Huntingdon County,16654
34,Huntingdon County,16657
34,Huntingdon County,16660
34,Huntingdon County,16669
34,Huntingdon County,16674
34,Huntingdon County,16683
34,Huntingdon County,16685
34,Huntingdon County,16694
34,Huntingdon County,16877
34,Huntingdon County,17002
34,Huntingdon County,17052
34,Huntingdon County,17060
34,Huntingdon County,17213
34,Huntingdon County,17239
34,Huntingdon County,17243
34,Huntingdon County,17249
34,Huntingdon County,17253
34,Huntingdon County,17255
34,Huntingdon County,17260
34,Huntingdon County,17264
35,Greene County,15310
35,Greene County,15315
35,Greene County,15316
35,Greene County,15320
35,Greene County,15325
35,Greene County,15327
35,Greene County,15334
35,Greene County,15337
35,Greene County,15338
35,Greene County,15341
35,Greene County,15344
35,Greene County,15346
35,Greene County,15349
35,Greene County,15351
35,Greene County,15352
35,Greene County,15353
35,Greene County,15357
35,Greene County,15359
35,Greene County,15362
35,Greene County,15364
35,Greene County,15370
35,Greene County,15380
0,Fulton County,15536
0,Fulton County,16689
0,Fulton County,16691
0,Fulton County,17212
0,Fulton County,17215
0,Fulton County,17223
0,Fulton County,17228
0,Fulton County,17229
0,Fulton County,17233
0,Fulton County,17238
0,Fulton County,17267
36,Franklin County,17201
36,Franklin County,17202
36,Franklin County,17210
36,Franklin County,17214
36,Franklin County,17217
36,Franklin County,17219
36,Franklin County,17220
36,Franklin County,17221
36,Franklin County,17222
36,Franklin County,17224
36,Franklin County,17225
36,Franklin County,17231
36,Franklin County,17232
36,Franklin County,17235
36,Franklin County,17236
36,Franklin County,17237
36,Franklin County,17244
36,Franklin County,17246
36,Franklin County,17247
36,Franklin County,17250
36,Franklin County,17251
36,Franklin County,17252
36,Franklin County,17254
36,Franklin County,17256
36,Franklin County,17261
36,Franklin County,17262
36,Franklin County,17263
36,Franklin County,17265
36,Franklin County,17268
36,Franklin County,17270
36,Franklin County,17271
36,Franklin County,17272
0,Forest County,15828
0,Forest County,16217
0,Forest County,16239
0,Forest County,16260
0,Forest County,16321
0,Forest County,16322
0,Forest County,16353
0,Forest County,16370
0,Fayette County,15401
37,Fayette County,15410
37,Fayette County,15413
37,Fayette County,15415
37,Fayette County,15416
37,Fayette County,15417
37,Fayette County,15420
37,Fayette County,15421
37,Fayette County,15422
37,Fayette County,15425
37,Fayette County,15428
37,Fayette County,15430
37,Fayette County,15431
37,Fayette County,15433
37,Fayette County,15435
37,Fayette County,15436
37,Fayette County,15437
37,Fayette County,15438
37,Fayette County,15440
37,Fayette County,15442
37,Fayette County,15443
37,Fayette County,15444
37,Fayette County,15445
37,Fayette County,15446
37,Fayette County,15447
37,Fayette County,15449
37,Fayette County,15450
37,Fayette County,15451
37,Fayette County,15454
37,Fayette County,15455
37,Fayette County,15456
37,Fayette County,15458
37,Fayette County,15459
37,Fayette County,15460
37,Fayette County,15461
37,Fayette County,15462
37,Fayette County,15463
37,Fayette County,15464
37,Fayette County,15465
37,Fayette County,15466
37,Fayette County,15467
37,Fayette County,15468
37,Fayette County,15469
37,Fayette County,15470
37,Fayette County,15472
37,Fayette County,15473
37,Fayette County,15474
37,Fayette County,15475
37,Fayette County,15476
37,Fayette County,15478
37,Fayette County,15480
37,Fayette County,15482
37,Fayette County,15484
37,Fayette County,15486
37,Fayette County,15488
37,Fayette County,15489
37,Fayette County,15490
37,Fayette County,15492
37,Fayette County,15622
37,Fayette County,15631
38,Erie County,16401
38,Erie County,16407
38,Erie County,16410
38,Erie County,16411
38,Erie County,16412
38,Erie County,16413
38,Erie County,16415
38,Erie County,16417
38,Erie County,16421
38,Erie County,16423
38,Erie County,16426
38,Erie County,16427
38,Erie County,16428
38,Erie County,16430
38,Erie County,16438
38,Erie County,16441
38,Erie County,16442
38,Erie County,16443
38,Erie County,16444
38,Erie County,16475
38,Erie County,16501
38,Erie County,16502
38,Erie County,16503
38,Erie County,16504
38,Erie County,16505
38,Erie County,16506
38,Erie County,16507
38,Erie County,16508
38,Erie County,16509
38,Erie County,16510
38,Erie County,16511
38,Erie County,16512
38,Erie County,16514
38,Erie County,16515
38,Erie County,16522
38,Erie County,16530
38,Erie County,16531
38,Erie County,16532
38,Erie County,16533
38,Erie County,16534
38,Erie County,16538
38,Erie County,16541
38,Erie County,16544
38,Erie County,16546
38,Erie County,16550
38,Erie County,16553
38,Erie County,16554
38,Erie County,16563
38,Erie County,16565
39,Elk County,15821
39,Elk County,15822
39,Elk County,15823
39,Elk County,15827
39,Elk County,15831
39,Elk County,15841
39,Elk County,15845
39,Elk County,15846
39,Elk County,15853
39,Elk County,15857
39,Elk County,15868
39,Elk County,15870
39,Elk County,16728
39,Elk County,16734
40,Delaware County,19003
40,Delaware County,19008
40,Delaware County,19010
40,Delaware County,19013
40,Delaware County,19014
40,Delaware County,19015
40,Delaware County,19016
40,Delaware County,19017
40,Delaware County,19018
40,Delaware County,19022
40,Delaware County,19023
40,Delaware County,19026
40,Delaware County,19028
40,Delaware County,19029
40,Delaware County,19032
40,Delaware County,19033
40,Delaware County,19036
40,Delaware County,19037
40,Delaware County,19039
40,Delaware County,19041
40,Delaware County,19043
40,Delaware County,19050
40,Delaware County,19052
40,Delaware County,19060
40,Delaware County,19061
40,Delaware County,19063
40,Delaware County,19064
40,Delaware County,19065
40,Delaware County,19070
40,Delaware County,19073
40,Delaware County,19074
40,Delaware County,19076
40,Delaware County,19078
40,Delaware County,19079
40,Delaware County,19080
40,Delaware County,19081
40,Delaware County,19082
40,Delaware County,19083
40,Delaware County,19085
40,Delaware County,19086
40,Delaware County,19088
40,Delaware County,19089
40,Delaware County,19091
40,Delaware County,19094
40,Delaware County,19098
40,Delaware County,19113
40,Delaware County,19317
40,Delaware County,19319
40,Delaware County,19331
40,Delaware County,19339
40,Delaware County,19340
40,Delaware County,19342
40,Delaware County,19373
41,Dauphin County,17005
41,Dauphin County,17018
41,Dauphin County,17023
41,Dauphin County,17028
41,Dauphin County,17030
41,Dauphin County,17032
41,Dauphin County,17033
41,Dauphin County,17034
41,Dauphin County,17036
41,Dauphin County,17048
41,Dauphin County,17057
41,Dauphin County,17061
41,Dauphin County,17080
41,Dauphin County,17097
41,Dauphin County,17098
41,Dauphin County,17101
41,Dauphin County,17102
41,Dauphin County,17103
41,Dauphin County,17104
41,Dauphin County,17105
41,Dauphin County,17106
41,Dauphin County,17107
41,Dauphin County,17108
41,Dauphin County,17109
41,Dauphin County,17110
41,Dauphin County,17111
41,Dauphin County,17112
41,Dauphin County,17113
41,Dauphin County,17120
41,Dauphin County,17121
41,Dauphin County,17122
41,Dauphin County,17123
41,Dauphin County,17124
41,Dauphin County,17125
41,Dauphin County,17126
41,Dauphin County,17127
41,Dauphin County,17128
41,Dauphin County,17129
41,Dauphin County,17130
41,Dauphin County,17140
41,Dauphin County,17177
42,Cumberland County,17001
42,Cumberland County,17007
42,Cumberland County,17008
42,Cumberland County,17011
42,Cumberland County,17012
42,Cumberland County,17013
42,Cumberland County,17015
42,Cumberland County,17025
42,Cumberland County,17027
42,Cumberland County,17043
42,Cumberland County,17050
42,Cumberland County,17055
42,Cumberland County,17065
42,Cumberland County,17072
42,Cumberland County,17081
42,Cumberland County,17089
42,Cumberland County,17093
42,Cumberland County,17240
42,Cumberland County,17241
42,Cumberland County,17257
42,Cumberland County,17266
42,Cumberland County,17324
43,Crawford County,16110
43,Crawford County,16111
43,Crawford County,16131
43,Crawford County,16134
43,Crawford County,16314
43,Crawford County,16316
43,Crawford County,16327
43,Crawford County,16328
43,Crawford County,16335
43,Crawford County,16354
43,Crawford County,16360
43,Crawford County,16388
43,Crawford County,16403
43,Crawford County,16404
43,Crawford County,16406
43,Crawford County,16422
43,Crawford County,16424
43,Crawford County,16432
43,Crawford County,16433
43,Crawford County,16434
43,Crawford County,16435
43,Crawford County,16440
44,Columbia County,17814
44,Columbia County,17815
44,Columbia County,17820
44,Columbia County,17839
44,Columbia County,17846
44,Columbia County,17858
44,Columbia County,17859
44,Columbia County,17878
44,Columbia County,17888
44,Columbia County,17920
44,Columbia County,18603
44,Columbia County,18631
45,Clinton County,16822
45,Clinton County,16848
45,Clinton County,16871
45,Clinton County,17721
45,Clinton County,17726
45,Clinton County,17738
45,Clinton County,17745
45,Clinton County,17747
45,Clinton County,17748
45,Clinton County,17750
45,Clinton County,17751
45,Clinton County,17760
45,Clinton County,17764
45,Clinton County,17767
45,Clinton County,17773
45,Clinton County,17778
45,Clinton County,17779
46,Clearfield County,15721
46,Clearfield County,15753
46,Clearfield County,15757
46,Clearfield County,15801
46,Clearfield County,15848
46,Clearfield County,15849
46,Clearfield County,15856
46,Clearfield County,15866
46,Clearfield County,16616
46,Clearfield County,16620
46,Clearfield County,16627
46,Clearfield County,16645
46,Clearfield County,16651
46,Clearfield County,16656
46,Clearfield County,16661
46,Clearfield County,16663
46,Clearfield County,16666
46,Clearfield County,16671
46,Clearfield County,16680
46,Clearfield County,16681
46,Clearfield County,16692
46,Clearfield County,16698
46,Clearfield County,16821
46,Clearfield County,16825
46,Clearfield County,16830
46,Clearfield County,16833
46,Clearfield County,16834
46,Clearfield County,16836
46,Clearfield County,16837
46,Clearfield County,16838
46,Clearfield County,16839
46,Clearfield County,16840
46,Clearfield County,16843
46,Clearfield County,16845
46,Clearfield County,16847
46,Clearfield County,16849
46,Clearfield County,16850
46,Clearfield County,16855
46,Clearfield County,16858
46,Clearfield County,16860
46,Clearfield County,16861
46,Clearfield County,16863
46,Clearfield County,16873
46,Clearfield County,16876
46,Clearfield County,16878
46,Clearfield County,16879
46,Clearfield County,16881
47,Clarion County,16028
47,Clarion County,16036
47,Clarion County,16049
47,Clarion County,16054
47,Clarion County,16058
47,Clarion County,16213
47,Clarion County,16214
47,Clarion County,16220
47,Clarion County,16221
47,Clarion County,16224
47,Clarion County,16225
47,Clarion County,16230
47,Clarion County,16232
47,Clarion County,16233
47,Clarion County,16234
47,Clarion County,16235
47,Clarion County,16242
47,Clarion County,16248
47,Clarion County,16254
47,Clarion County,16255
47,Clarion County,16257
47,Clarion County,16258
47,Clarion County,16326
47,Clarion County,16331
47,Clarion County,16332
47,Clarion County,16334
47,Clarion County,16361
47,Clarion County,16375
48,Chester County,19087
48,Chester County,19301
48,Chester County,19310
48,Chester County,19311
48,Chester County,19312
48,Chester County,19316
48,Chester County,19318
48,Chester County,19320
48,Chester County,19330
48,Chester County,19333
48,Chester County,19335
48,Chester County,19341
48,Chester County,19343
48,Chester County,19344
48,Chester County,19345
48,Chester County,19346
48,Chester County,19347
48,Chester County,19348
48,Chester County,19350
48,Chester County,19351
48,Chester County,19352
48,Chester County,19353
48,Chester County,19354
48,Chester County,19355
48,Chester County,19357
48,Chester County,19358
48,Chester County,19360
48,Chester County,19362
48,Chester County,19363
48,Chester County,19365
48,Chester County,19366
48,Chester County,19367
48,Chester County,19369
48,Chester County,19371
48,Chester County,19372
48,Chester County,19374
48,Chester County,19375
48,Chester County,19376
48,Chester County,19380
48,Chester County,19381
48,Chester County,19382
48,Chester County,19383
48,Chester County,19388
48,Chester County,19390
48,Chester County,19395
48,Chester County,19397
48,Chester County,19398
48,Chester County,19399
48,Chester County,19421
48,Chester County,19425
48,Chester County,19432
48,Chester County,19442
48,Chester County,19457
48,Chester County,19460
48,Chester County,19465
48,Chester County,19470
48,Chester County,19475
48,Chester County,19480
48,Chester County,19520
49,Centre County,16677
49,Centre County,16801
49,Centre County,16802
49,Centre County,16803
49,Centre County,16804
49,Centre County,16805
49,Centre County,16820
49,Centre County,16823
49,Centre County,16826
49,Centre County,16827
49,Centre County,16828
49,Centre County,16829
49,Centre County,16832
49,Centre County,16835
49,Centre County,16841
49,Centre County,16844
49,Centre County,16851
49,Centre County,16852
49,Centre County,16853
49,Centre County,16854
49,Centre County,16856
49,Centre County,16859
49,Centre County,16864
49,Centre County,16865
49,Centre County,16866
49,Centre County,16868
49,Centre County,16870
49,Centre County,16872
49,Centre County,16874
49,Centre County,16875
49,Centre County,16882
50,Carbon County,18012
50,Carbon County,18030
50,Carbon County,18071
50,Carbon County,18210
50,Carbon County,18212
50,Carbon County,18216
50,Carbon County,18229
50,Carbon County,18230
50,Carbon County,18232
50,Carbon County,18235
50,Carbon County,18240
50,Carbon County,18244
50,Carbon County,18250
50,Carbon County,18254
50,Carbon County,18255
50,Carbon County,18624
51,Cameron County,15832
51,Cameron County,15834
51,Cameron County,15861
52,Cambria County,15714
52,Cambria County,15722
52,Cambria County,15737
52,Cambria County,15738
52,Cambria County,15760
52,Cambria County,15762
52,Cambria County,15773
52,Cambria County,15775
52,Cambria County,15901
52,Cambria County,15902
52,Cambria County,15904
52,Cambria County,15905
52,Cambria County,15906
52,Cambria County,15907
52,Cambria County,15909
52,Cambria County,15915
52,Cambria County,15921
52,Cambria County,15922
52,Cambria County,15925
52,Cambria County,15927
52,Cambria County,15930
52,Cambria County,15931
52,Cambria County,15934
52,Cambria County,15938
52,Cambria County,15940
52,Cambria County,15942
52,Cambria County,15943
52,Cambria County,15945
52,Cambria County,15946
52,Cambria County,15948
52,Cambria County,15951
52,Cambria County,15952
52,Cambria County,15955
52,Cambria County,15956
52,Cambria County,15958
52,Cambria County,15960
52,Cambria County,15962
52,Cambria County,16613
52,Cambria County,16619
52,Cambria County,16624
52,Cambria County,16629
52,Cambria County,16630
52,Cambria County,16636
52,Cambria County,16639
52,Cambria County,16640
52,Cambria County,16641
52,Cambria County,16644
52,Cambria County,16646
52,Cambria County,16668
52,Cambria County,16675
52,Cambria County,16699
53,Butler County,16001
53,Butler County,16002
53,Butler County,16003
53,Butler County,16016
53,Butler County,16017
53,Butler County,16018
53,Butler County,16020
53,Butler County,16021
53,Butler County,16022
53,Butler County,16023
53,Butler County,16024
53,Butler County,16025
53,Butler County,16027
53,Butler County,16029
53,Butler County,16030
53,Butler County,16033
53,Butler County,16034
53,Butler County,16035
53,Butler County,16037
53,Butler County,16038
53,Butler County,16039
53,Butler County,16040
53,Butler County,16041
53,Butler County,16045
53,Butler County,16046
53,Butler County,16048
53,Butler County,16050
53,Butler County,16051
53,Butler County,16052
53,Butler County,16053
53,Butler County,16055
53,Butler County,16056
53,Butler County,16057
53,Butler County,16059
53,Butler County,16061
53,Butler County,16063
53,Butler County,16066
54,Bucks County,18039
54,Bucks County,18077
54,Bucks County,18081
54,Bucks County,18901
54,Bucks County,18902
54,Bucks County,18910
54,Bucks County,18911
54,Bucks County,18912
54,Bucks County,18913
54,Bucks County,18914
54,Bucks County,18916
54,Bucks County,18917
54,Bucks County,18920
54,Bucks County,18921
54,Bucks County,18922
54,Bucks County,18923
54,Bucks County,18925
54,Bucks County,18926
54,Bucks County,18927
54,Bucks County,18928
54,Bucks County,18929
54,Bucks County,18930
54,Bucks County,18931
54,Bucks County,18932
54,Bucks County,18933
54,Bucks County,18934
54,Bucks County,18935
54,Bucks County,18938
54,Bucks County,18940
54,Bucks County,18942
54,Bucks County,18943
54,Bucks County,18944
54,Bucks County,18946
54,Bucks County,18947
54,Bucks County,18949
54,Bucks County,18950
54,Bucks County,18951
54,Bucks County,18953
54,Bucks County,18954
54,Bucks County,18955
54,Bucks County,18956
54,Bucks County,18960
54,Bucks County,18962
54,Bucks County,18963
54,Bucks County,18966
54,Bucks County,18968
54,Bucks County,18970
54,Bucks County,18972
54,Bucks County,18974
54,Bucks County,18976
54,Bucks County,18977
54,Bucks County,18980
54,Bucks County,18981
54,Bucks County,18991
54,Bucks County,19007
54,Bucks County,19020
54,Bucks County,19021
54,Bucks County,19030
54,Bucks County,19047
54,Bucks County,19053
54,Bucks County,19054
54,Bucks County,19055
54,Bucks County,19056
54,Bucks County,19057
54,Bucks County,19058
54,Bucks County,19067
55,Bradford County,16910
55,Bradford County,16914
55,Bradford County,16925
55,Bradford County,16926
55,Bradford County,16945
55,Bradford County,16947
55,Bradford County,17724
55,Bradford County,17735
55,Bradford County,18623
55,Bradford County,18810
55,Bradford County,18814
55,Bradford County,18815
55,Bradford County,18817
55,Bradford County,18829
55,Bradford County,18831
55,Bradford County,18832
55,Bradford County,18833
55,Bradford County,18837
55,Bradford County,18840
55,Bradford County,18845
55,Bradford County,18846
55,Bradford County,18848
55,Bradford County,18850
55,Bradford County,18851
55,Bradford County,18853
55,Bradford County,18854
56,Blair County,16601
56,Blair County,16602
56,Blair County,16603
56,Blair County,16617
56,Blair County,16625
56,Blair County,16631
56,Blair County,16635
56,Blair County,16637
56,Blair County,16648
56,Blair County,16662
56,Blair County,16665
56,Blair County,16673
56,Blair County,16682
56,Blair County,16684
56,Blair County,16686
56,Blair County,16693
57,Berks County,18011
57,Berks County,18056
57,Berks County,19503
57,Berks County,19504
57,Berks County,19505
57,Berks County,19506
57,Berks County,19507
57,Berks County,19508
57,Berks County,19510
57,Berks County,19511
57,Berks County,19512
57,Berks County,19516
57,Berks County,19518
57,Berks County,19519
57,Berks County,19522
57,Berks County,19523
57,Berks County,19526
57,Berks County,19529
57,Berks County,19530
57,Berks County,19533
57,Berks County,19534
57,Berks County,19535
57,Berks County,19536
57,Berks County,19538
57,Berks County,19539
57,Berks County,19540
57,Berks County,19541
57,Berks County,19542
57,Berks County,19543
57,Berks County,19544
57,Berks County,19545
57,Berks County,19547
57,Berks County,19548
57,Berks County,19550
57,Berks County,19551
57,Berks County,19554
57,Berks County,19555
57,Berks County,19559
57,Berks County,19560
57,Berks County,19562
57,Berks County,19564
57,Berks County,19565
57,Berks County,19567
57,Berks County,19601
57,Berks County,19602
57,Berks County,19603
57,Berks County,19604
57,Berks County,19605
57,Berks County,19606
57,Berks County,19607
57,Berks County,19608
57,Berks County,19609
57,Berks County,19610
57,Berks County,19611
57,Berks County,19612
57,Berks County,19640
58,Bedford County,15521
58,Bedford County,15522
58,Bedford County,15533
58,Bedford County,15534
58,Bedford County,15535
58,Bedford County,15537
58,Bedford County,15539
58,Bedford County,15545
58,Bedford County,15550
58,Bedford County,15554
58,Bedford County,15559
58,Bedford County,16633
58,Bedford County,16650
58,Bedford County,16655
58,Bedford County,16659
58,Bedford County,16664
58,Bedford County,16667
58,Bedford County,16670
58,Bedford County,16672
58,Bedford County,16678
58,Bedford County,16679
58,Bedford County,16695
58,Bedford County,17211
59,Beaver County,15001
59,Beaver County,15003
59,Beaver County,15005
59,Beaver County,15009
59,Beaver County,15010
59,Beaver County,15026
59,Beaver County,15027
59,Beaver County,15042
59,Beaver County,15043
59,Beaver County,15050
59,Beaver County,15052
59,Beaver County,15059
59,Beaver County,15061
59,Beaver County,15066
59,Beaver County,15074
59,Beaver County,15077
59,Beaver County,15081
59,Beaver County,16115
59,Beaver County,16123
59,Beaver County,16136
60,Armstrong County,15618
60,Armstrong County,15673
60,Armstrong County,15682
60,Armstrong County,15686
60,Armstrong County,15736
60,Armstrong County,16201
60,Armstrong County,16210
60,Armstrong County,16212
60,Armstrong County,16215
60,Armstrong County,16218
60,Armstrong County,16222
60,Armstrong County,16223
60,Armstrong County,16226
60,Armstrong County,16228
60,Armstrong County,16229
60,Armstrong County,16236
60,Armstrong County,16238
60,Armstrong County,16240
60,Armstrong County,16244
60,Armstrong County,16245
60,Armstrong County,16249
60,Armstrong County,16250
60,Armstrong County,16253
60,Armstrong County,16259
60,Armstrong County,16261
60,Armstrong County,16262
60,Armstrong County,16263
61,Allegheny County,15006
61,Allegheny County,15007
61,Allegheny County,15014
61,Allegheny County,15015
61,Allegheny County,15017
61,Allegheny County,15018
61,Allegheny County,15020
61,Allegheny County,15024
61,Allegheny County,15025
61,Allegheny County,15028
61,Allegheny County,15030
61,Allegheny County,15031
61,Allegheny County,15032
61,Allegheny County,15034
61,Allegheny County,15035
61,Allegheny County,15037
61,Allegheny County,15044
61,Allegheny County,15045
61,Allegheny County,15046
61,Allegheny County,15047
61,Allegheny County,15049
61,Allegheny County,15051
61,Allegheny County,15056
61,Allegheny County,15064
61,Allegheny County,15065
61,Allegheny County,15071
61,Allegheny County,15075
61,Allegheny County,15076
61,Allegheny County,15082
61,Allegheny County,15084
61,Allegheny County,15086
61,Allegheny County,15088
61,Allegheny County,15090
61,Allegheny County,15091
61,Allegheny County,15095
61,Allegheny County,15096
61,Allegheny County,15101
61,Allegheny County,15102
61,Allegheny County,15104
61,Allegheny County,15106
61,Allegheny County,15108
61,Allegheny County,15110
61,Allegheny County,15112
61,Allegheny County,15116
61,Allegheny County,15120
61,Allegheny County,15122
61,Allegheny County,15123
61,Allegheny County,15126
61,Allegheny County,15127
61,Allegheny County,15129
61,Allegheny County,15131
61,Allegheny County,15132
61,Allegheny County,15133
61,Allegheny County,15134
61,Allegheny County,15135
61,Allegheny County,15136
61,Allegheny County,15137
61,Allegheny County,15139
61,Allegheny County,15140
61,Allegheny County,15142
61,Allegheny County,15143
61,Allegheny County,15144
61,Allegheny County,15145
61,Allegheny County,15146
61,Allegheny County,15147
61,Allegheny County,15148
61,Allegheny County,15201
61,Allegheny County,15202
61,Allegheny County,15203
61,Allegheny County,15204
61,Allegheny County,15205
61,Allegheny County,15206
61,Allegheny County,15207
61,Allegheny County,15208
61,Allegheny County,15209
61,Allegheny County,15210
61,Allegheny County,15211
61,Allegheny County,15212
61,Allegheny County,15213
61,Allegheny County,15214
61,Allegheny County,15215
61,Allegheny County,15216
61,Allegheny County,15217
61,Allegheny County,15218
61,Allegheny County,15219
61,Allegheny County,15220
61,Allegheny County,15221
61,Allegheny County,15222
61,Allegheny County,15223
61,Allegheny County,15224
61,Allegheny County,15225
61,Allegheny County,15226
61,Allegheny County,15227
61,Allegheny County,15228
61,Allegheny County,15229
61,Allegheny County,15230
61,Allegheny County,15231
61,Allegheny County,15232
61,Allegheny County,15233
61,Allegheny County,15234
61,Allegheny County,15235
61,Allegheny County,15236
61,Allegheny County,15237
61,Allegheny County,15238
61,Allegheny County,15239
61,Allegheny County,15240
61,Allegheny County,15241
61,Allegheny County,15242
61,Allegheny County,15243
61,Allegheny County,15244
61,Allegheny County,15250
61,Allegheny County,15251
61,Allegheny County,15252
61,Allegheny County,15253
61,Allegheny County,15254
61,Allegheny County,15255
61,Allegheny County,15257
61,Allegheny County,15258
61,Allegheny County,15259
61,Allegheny County,15260
61,Allegheny County,15261
61,Allegheny County,15262
61,Allegheny County,15263
61,Allegheny County,15264
61,Allegheny County,15265
61,Allegheny County,15267
61,Allegheny County,15268
61,Allegheny County,15270
61,Allegheny County,15272
61,Allegheny County,15274
61,Allegheny County,15275
61,Allegheny County,15276
61,Allegheny County,15277
61,Allegheny County,15278
61,Allegheny County,15279
61,Allegheny County,15281
61,Allegheny County,15282
61,Allegheny County,15283
61,Allegheny County,15285
61,Allegheny County,15286
61,Allegheny County,15289
61,Allegheny County,15290
61,Allegheny County,15295
62,Adams County,17301
62,Adams County,17303
62,Adams County,17304
62,Adams County,17306
62,Adams County,17307
62,Adams County,17310
62,Adams County,17316
62,Adams County,17320
62,Adams County,17325
62,Adams County,17326
62,Adams County,17337
62,Adams County,17340
62,Adams County,17343
62,Adams County,17344
62,Adams County,17350
62,Adams County,17353
62,Adams County,17372
62,Adams County,17375
0,,15266
0,,15273
0,,15288
